group,gene,rank,score,q,log2fc_default,log2fc_arithmetic,fraction_expressing,mean_normalized_count
0,NKG7,23322,-17.022327317907536,1.9184811047901237e-63,-3.6586208413947583,-5.270271830952525,0.06276891926094659,0.07423644709038124
0,KLRF1,21934,-4.400529176033596,7.128250991939132e-05,-4.671021436717731,-5.53603880945683,0.004555808656036446,0.003986712622788825
0,TRDC,20775,-2.462800995845738,0.05839020169730994,-1.7707113035727011,-2.0072658520317366,0.018223234624145785,0.0403988979515282
0,SH2D1B,20392,-2.090647877562938,0.1380978231308275,-4.050597207193284,-4.427166470481561,0.0020248038471273096,0.0020227113362249177
0,GNLY,23075,-9.978855687281985,3.1496971098368062e-22,-3.5093829788814213,-5.636318754875858,0.049607694254619084,0.058108578493573884
0,KLRD1,23020,-9.336542038576805,1.52102356861586e-19,-4.382551474199678,-4.807807646869871,0.01164262212098203,0.018221804395038857
0,PRF1,22564,-6.299473495323859,2.8616235039044523e-09,-2.07090995824832,-3.0641440124844093,0.07719564667172868,0.08111945874636099
0,FCGR3A,22612,-6.502390463668629,7.87409973360376e-10,-4.557382715575618,-5.436774356980208,0.00683371298405467,0.006546778032612958
0,CD3D,48,74.32982104064698,0.0,3.4218282722172857,2.3137104819519614,0.9564667172867628,4.019627716295672
0,CD3E,69,70.02855766404231,0.0,3.1365698695523605,2.286682924332192,0.9096431283219438,2.740386512146266
0,TRAC,79,67.6808131186303,0.0,3.006548102269992,2.1469810585943137,0.9020501138952164,3.2349864889249687
0,CD8A,854,12.139946214297495,1.375274374554029e-32,1.005385289670698,0.5821812418822718,0.22854973424449507,0.40636381529589954
0,CD8B,443,21.350244221216958,1.8358550852622264e-99,2.307246185784234,2.0291188037508503,0.2958744621614781,0.9252934557263844
0,MS4A1,23294,-15.676421077498714,6.61098444146152e-54,-5.682748497296846,-6.417468071652882,0.008352315869400152,0.01118047846452146
0,CD79A,23259,-14.212938229012465,2.0092785852965779e-44,-3.2613599097046033,-4.223082415582295,0.0630220197418375,0.06310478030491788
0,CD14,23064,-9.905403976982493,6.501742387542502e-22,-4.152364469663712,-5.027457857766896,0.015692229815236648,0.0160938417515983
0,LYZ,23286,-15.430700172483547,2.9836502821519774e-52,-2.6456297436697644,-4.935472382699563,0.18577575297393065,0.24014927641870398
0,FCER1A,21046,-2.7940725817515135,0.023979294428177346,-4.092952891476362,-5.0160629517215956,0.003290306251581878,0.002737239368070404
0,CLEC10A,19787,-1.594713692816323,0.3612123175079046,-3.400469143442959,-3.6373702015455236,0.001771703366236396,0.003263553978585325
1,NKG7,6435,3.317593455867428,0.0030791696911708763,-1.014548660233815,-2.490240249582571,0.2701388888888889,0.42421324319886106
1,KLRF1,22491,-1.5294584252683332,0.3217567429046214,-2.3118751314091757,-2.905562397349838,0.018055555555555554,0.020594604104211336
1,TRDC,22671,-1.939426511821829,0.14447180206144053,-2.6577395870853078,-3.2122217682386798,0.009722222222222222,0.015651839970913715
1,SH2D1B,22109,-0.9170424229195002,0.8052367776372461,-2.738493419363516,-3.1831652616534902,0.005555555555555556,0.004035177571480211
1,GNLY,23035,-3.8529962802156343,0.0004245867696831925,-2.3807903032736832,-3.258329092394226,0.07569444444444444,0.25254102582893373
1,KLRD1,23091,-4.38532272034522,4.55435948236381e-05,-3.0990447387169047,-3.6894088668236322,0.02361111111111111,0.03331264468862457
1,PRF1,23210,-6.122556048822935,4.58902127766901e-09,-2.9163729146184334,-3.595864349045618,0.035416666666666666,0.04841083060275485
1,FCGR3A,9139,0.9129471088959862,0.8091281752443298,-0.41414954521179576,-0.7779366634600693,0.07430555555555556,0.13258973578545866
1,CD3D,23415,-20.570006540530198,1.2448592691343574e-92,-3.526857755694379,-3.785275337282142,0.09097222222222222,0.1222196520976086
1,CD3E,23414,-20.146630009566152,6.721712494590291e-89,-3.4830625642667488,-3.6700673088820857,0.07916666666666666,0.0908824562279489
1,TRAC,23413,-20.048252896755233,4.8443316212863906e-88,-3.2278568347579597,-3.4833696184184735,0.10138888888888889,0.1270021474715192
1,CD8A,23265,-7.298249883753845,1.6801442730426978e-12,-3.473056173860398,-3.750458900874601,0.020833333333333332,0.02440110308601207
1,CD8B,23257,-7.0804900283080485,8.046832864203688e-12,-3.801430818828004,-4.400940048549913,0.025,0.020008620846128554
1,MS4A1,23241,-6.760324928212757,7.414920652154317e-11,-3.0978550462648284,-3.748925281281309,0.03888888888888889,0.059445428665412296
1,CD79A,23300,-8.55508300254366,7.874784912521459e-17,-3.1011039812794667,-3.7497776874193836,0.050694444444444445,0.07418593960918424
1,CD14,39,52.56500145533299,0.0,6.954507534509684,6.2946052766236535,0.8486111111111111,4.2316075683842715
1,LYZ,1,62.57121685328036,0.0,7.5804827583809224,6.344251465988926,1.0,59.52288066089023
1,FCER1A,3504,8.23662824890658,1.1397051501796436e-15,3.9783499502296773,4.350325673126304,0.1451388888888889,0.5307524631867652
1,CLEC10A,3448,8.346143608128685,4.613963823994616e-16,5.460323404709262,5.457543214168678,0.1361111111111111,0.3033360805809707
2,NKG7,23197,-7.1163902960735355,4.179523241091631e-11,-2.1590541043352305,-2.7913459213308163,0.06776180698151951,0.33686041846962067
2,KLRF1,19522,-1.0956471182656489,0.9997674655412508,-1.5795481207123803,-2.0803983115094433,0.02053388090349076,0.03535952298842419
2,TRDC,20027,-1.313880372901157,0.8511335270503578,-1.8725031588222658,-2.32663247345581,0.014373716632443531,0.028019413737125732
2,SH2D1B,18010,-0.6512888212009806,0.9997674655412508,-1.8474124590992804,-2.200859268011397,0.007186858316221766,0.007717665737050183
2,GNLY,22653,-3.834778329633628,0.0018958459859389429,-1.6176751226019745,-2.1722119795922725,0.058521560574948665,0.5186451014644242
2,KLRD1,22080,-2.865322675769236,0.04135307365636699,-1.8762809997921188,-2.300467868198495,0.03593429158110883,0.0842799057962401
2,PRF1,22911,-4.809818270228335,3.137464681973631e-05,-2.3020022610628965,-2.8115976494937316,0.03696098562628337,0.08087547359691795
2,FCGR3A,21525,-2.26792809088623,0.1746999074009288,-2.1668728742265566,-2.5659423638542087,0.018480492813141684,0.03888941331907601
2,CD3D,23415,-16.371035843481252,7.361053578430617e-58,-2.9852757314460194,-3.057387787979746,0.08829568788501027,0.19643610203079775
2,CD3E,23413,-16.083912949542043,7.524113187616935e-56,-3.03329191614442,-3.0929770607980687,0.07700205338809035,0.13166863949681895
2,TRAC,23402,-14.123123982749089,4.360115024200576e-43,-2.26854349762377,-2.4277847356387285,0.13655030800821355,0.2555614418892191
2,CD8A,23040,-5.527581904038827,8.258581299253815e-07,-2.7791990149707693,-3.027621072674805,0.027720739219712527,0.039081813122701065
2,CD8B,23086,-5.864088003874228,1.2731430678274775e-07,-3.27926218485442,-3.5501738140109875,0.021560574948665298,0.03501004065515323
2,MS4A1,1,44.14080496295607,0.0,5.0300325920191975,3.925006550963864,0.9014373716632443,6.178846126413494
2,CD79A,12,35.460220737498744,3.9403091037604297e-272,3.976008614993406,3.0185902512050604,0.7751540041067762,5.301975248204836
2,CD14,22830,-4.446960374092584,0.00016078397961132902,-3.6777971221076675,-4.3474559096428615,0.015400410677618069,0.021138535275004672
2,LYZ,23113,-6.117621329282446,2.8418309091755942e-08,-1.8053508734057524,-3.8366902854444644,0.19096509240246407,0.4213825136875277
2,FCER1A,19779,-1.203120321860968,0.96772600933718,-2.2167419206347048,-2.215756979140811,0.004106776180698152,0.0154772992509287
2,CLEC10A,18203,-0.6978111282497471,0.9997674655412508,-1.9925880359821904,-1.6779030379531037,0.002053388090349076,0.010394679991666062
3,NKG7,7220,0.841287356951579,0.9988306462375284,-1.5530526144966639,-3.587909912578958,0.2857142857142857,0.18529073235669294
3,KLRF1,20232,-0.08561173867387428,0.9988306462375284,-1.938382941641001,-3.0042764585045982,0.03571428571428571,0.017901523264093475
3,TRDC,21692,-0.23545729452183578,0.9988306462375284,-2.5487381369598254,-3.62893986611437,0.023809523809523808,0.01089066065912091
3,SH2D1B,21942,-0.29975781347907365,0.9988306462375284,-24.10059789795965,-25.02171066839282,0.0,0.0
3,GNLY,23200,-1.6710130714903766,0.4069290777187687,-5.427600251712895,-8.0384977425838,0.023809523809523808,0.008537332240605313
3,KLRD1,23083,-1.3699212223482897,0.6452497859895827,-27.085180730740888,-28.569018224153787,0.0,0.0
3,PRF1,23051,-1.2723587475265887,0.7387799290383434,-3.4679939533363777,-4.756204447952714,0.047619047619047616,0.020075757320742422
3,FCGR3A,22760,-0.7574876833866311,0.9988306462375284,-3.980759973917419,-5.093467206873825,0.011904761904761904,0.006455306099877703
3,CD3D,23410,-5.408302864458093,1.1619757984959276e-06,-4.935647441160831,-5.081794808115858,0.03571428571428571,0.04607734522398271
3,CD3E,23399,-4.342964217903441,0.00016862286387046063,-2.8444599917195443,-3.1664919342626576,0.10714285714285714,0.1193364225736404
3,TRAC,23407,-5.268529277865881,2.337958685775304e-06,-4.07074012534726,-4.1742712690055495,0.047619047619047616,0.07295964829024072
3,CD8A,23058,-1.307354949752969,0.7036650006362446,-2.468957789520077,-2.8935975976261967,0.047619047619047616,0.040910306821182435
3,CD8B,23194,-1.6578505862819795,0.41585756391198175,-3.608934343431493,-4.2909618422965625,0.023809523809523808,0.019948524494814192
3,MS4A1,23125,-1.4645710526390787,0.5621457580444366,-3.7121340561286917,-4.99550637758656,0.047619047619047616,0.023204252595275587
3,CD79A,11708,0.07214909544129906,0.9988306462375284,-1.5634880136809985,-2.6533314657869367,0.20238095238095238,0.1468304383416203
3,CD14,23065,-1.3296889301445824,0.6832004660405766,-5.4677645367647365,-6.721378785543738,0.011904761904761904,0.003875337709158986
3,LYZ,22927,-0.9733568875898891,0.9988306462375284,-2.134808540858768,-4.666891859764206,0.27380952380952384,0.22547624989969314
3,FCER1A,185,10.73635236682208,8.700351100268018e-25,4.965380817603219,3.9283473776744655,0.7023809523809523,0.9769985699753886
3,CLEC10A,21676,-0.23252241606320664,0.9988306462375284,-23.754928155965533,-24.93654286728934,0.0,0.0
4,NKG7,15736,-2.9127488952739617,0.010727271322291787,-0.26893852742765745,-1.0825934104423913,0.16354679802955666,1.1563373228531113
4,KLRF1,13067,-1.1790502150907005,0.5277344212989659,-0.17070643774010041,0.03787848599247836,0.028243021346469624,0.14612761854415288
4,TRDC,15008,-2.341150388046483,0.05253972530138475,-1.227541620733217,-1.2243344929018587,0.015435139573070607,0.0639389504992271
4,SH2D1B,12873,-1.0724377018687101,0.615579666492395,-0.4095103035229455,0.2532418304851174,0.008538587848932676,0.03905995892484928
4,GNLY,78,5.818482017712224,2.8133456752492448e-08,0.940299236631421,-0.06160722772828399,0.17963875205254515,2.1563733254382456
4,KLRD1,230,1.1142742267304955,0.5805008759013299,0.51913671035037,0.6442952276631679,0.09458128078817735,0.5627422698601905
4,PRF1,155,2.261893698222094,0.06383641198003569,0.891338998320776,1.1517780699282418,0.13661740558292282,0.9847352269694527
4,FCGR3A,15844,-2.9987307277151904,0.008232299275572265,-0.8075559687542319,-0.8105752042612334,0.029885057471264367,0.13546298203517307
4,CD3D,22519,-19.955621980378453,3.363291949876684e-87,-1.4043160032146997,-1.1352803674416674,0.17274220032840723,0.7832493659178938
4,CD3E,22126,-16.233167133464473,5.1767669115978235e-58,-0.9660176267267764,-0.5605414366280999,0.1766830870279146,0.7674809308099226
4,TRAC,21575,-13.001712733712687,1.486820284416413e-37,-0.6476162183824309,-0.31453801204988874,0.21839080459770116,1.092510059812345
4,CD8A,17660,-4.719349015670594,9.455547192876973e-06,-0.24010968690268944,0.19314884518955985,0.0755336617405583,0.33744438350532335
4,CD8B,19839,-7.946167558574688,1.2353772675958733e-14,-1.3372519388719717,-1.1106669547942594,0.04827586206896552,0.1990864771838421
4,MS4A1,21393,-12.2634652330875,1.6110465962252812e-33,-3.320159853971723,-3.259206736574853,0.017405582922824302,0.0916010387931779
4,CD79A,22044,-15.691312495139213,2.8774761998446483e-54,-3.4519772937589956,-3.4875538996374513,0.021018062397372743,0.09795663678236563
4,CD14,20058,-8.404977152334611,2.927099662176705e-16,-2.827725719947587,-2.740823408310793,0.01444991789819376,0.07178468505051244
4,LYZ,20108,-8.5013485070053,1.3011971427321928e-16,-0.9520206011927903,-2.6971454154311236,0.2006568144499179,1.0355065429726473
4,FCER1A,15177,-2.47046660878516,0.03764190432421533,-2.979296145292999,-2.92410692075099,0.0022988505747126436,0.010708996294510895
4,CLEC10A,13374,-1.3313892268730652,0.41782632498609396,-2.481496968251958,-2.358573977469078,0.0019704433497536944,0.007276921892015469
5,NKG7,20784,-11.086488120745384,1.2056756353194255e-27,-4.609316567632036,-6.650246534443666,0.05430932703659976,0.024492093819501896
5,KLRF1,15080,-2.82222143733077,0.012891265397803624,-6.440227599026043,-7.57786491107379,0.0023612750885478157,0.0008307013442078913
5,TRDC,14890,-2.6674769344797093,0.020198158589140976,-6.058854359233754,-7.134846309194243,0.0023612750885478157,0.0010588374336361656
5,SH2D1B,12977,-1.3714487876696249,0.3685815139977405,-7.048949819895149,-7.782017928948973,0.0005903187721369539,0.00017091094422203886
5,GNLY,18418,-6.455282419734552,4.812705588999545e-10,-4.306320665669546,-6.765571004659157,0.0448642266824085,0.0227721841994053
5,KLRD1,18021,-5.895550100818925,1.5453923160547435e-08,-5.768932296466308,-6.929611920589549,0.008264462809917356,0.0036061412552755114
5,PRF1,19648,-8.42950564681586,2.035589485075183e-16,-5.546556017193491,-6.711475809468733,0.011216056670602124,0.005715108735667769
5,FCGR3A,16237,-3.8795728162151155,0.00032746500172216547,-5.005190396718691,-6.152891508882978,0.007674144037780401,0.003417540269705222
5,CD3D,22834,-25.85748688270889,6.727162148136477e-146,-6.020404367213748,-6.6880393580224675,0.03364817001180637,0.016706444141650414
5,CD3E,22773,-24.96679003542299,4.326074671075883e-136,-5.895425477118335,-6.448381441884164,0.03128689492325856,0.013546973726979127
5,TRAC,22825,-25.714423419632137,2.67174346379359e-144,-5.561737430817495,-6.205155543578529,0.04073199527744982,0.019702487171762338
5,CD8A,19803,-8.735903301381452,1.4761983410726738e-17,-5.233746057265981,-5.914224632645407,0.010625737898465172,0.005563576735241361
5,CD8B,19818,-8.767750983670988,1.1175212297443641e-17,-5.814752114446466,-6.6287628778265,0.010035419126328217,0.004356259423659688
5,MS4A1,20095,-9.344532572491104,6.114886946301974e-20,-5.929820168133472,-7.075054912186585,0.010625737898465172,0.006061758457896301
5,CD79A,20928,-11.51147864403764,1.0072143539484543e-29,-5.75454297207118,-6.999582632465647,0.01948051948051948,0.007975482644286429
5,CD14,18346,-6.361178360389934,8.794977729371992e-10,-5.433216683547162,-6.595754292799516,0.010625737898465172,0.004666345431791564
5,LYZ,20536,-10.39074415826478,2.0747364653854643e-24,-3.3245529334293122,-5.972012667589979,0.1912632821723731,0.1006624454536212
5,FCER1A,13420,-1.628910457829873,0.23357373595912687,-3.9736553513517894,-4.996507156161049,0.004132231404958678,0.002380394647234878
5,CLEC10A,11964,-0.8781701095996686,0.750255373919213,-3.898955419356983,-4.815592789073196,0.0029515938606847697,0.0012549768725048593
6,NKG7,22435,-3.984187038190374,0.0010354294742560457,-2.4404910299435802,-3.7568940676590685,0.08398950131233596,0.16753410995218126
6,KLRF1,19320,-1.1863303671787486,0.9687212949081373,-3.5436249184965245,-4.1195674277836725,0.005249343832020997,0.008404753688686083
6,TRDC,19369,-1.20505183800864,0.9508448866617337,-5.040517479855707,-5.941006497334176,0.0026246719160104987,0.002232229873977652
6,SH2D1B,1907,0.863515334717002,0.9998759305571022,0.5062366523065578,0.04035635574799079,0.04461942257217848,0.03483473395232056
6,GNLY,21437,-2.5098198645303578,0.09818917595081574,-2.0647908554268666,-3.6715313596175294,0.05511811023622047,0.1789837272729539
6,KLRD1,21345,-2.426676522346863,0.11832176684724503,-3.0765076918315573,-3.603623546681872,0.015748031496062992,0.03328054301981441
6,PRF1,22373,-3.8374170263678504,0.0018047096123841354,-4.364028533573609,-5.162399770957881,0.010498687664041995,0.015412437769488595
6,FCGR3A,171,8.240706965558292,9.45898550675999e-15,3.724944723924924,4.159194040738521,0.2887139107611549,2.8457492779063633
6,CD3D,23306,-11.680075504534488,1.8971434186417967e-29,-4.631528080464187,-4.754189710315944,0.031496062992125984,0.05881337246174728
6,CD3E,23294,-11.248307304702946,2.53698431657887e-27,-4.181357926692137,-3.7801433187480082,0.023622047244094488,0.07929335156798548
6,TRAC,23288,-10.873856823159038,1.524429964427264e-25,-3.4035742791408183,-3.3398518143569476,0.05774278215223097,0.1321543191086077
6,CD8A,22454,-4.029118568182113,0.0008709115870200194,-4.174229420419821,-4.097107457821846,0.007874015748031496,0.018068563823747167
6,CD8B,22456,-4.0374128907016855,0.0008418128312504058,-4.645644973185396,-4.8524688261086215,0.007874015748031496,0.013750566132833812
6,MS4A1,22524,-4.236139592034113,0.00037888997197817317,-4.324505200143873,-4.881084439865236,0.010498687664041995,0.025551509980220058
6,CD79A,22547,-4.318350810353503,0.00026841916712678707,-2.664908543617239,-3.1892368079413433,0.047244094488188976,0.10290129779961804
6,CD14,408,5.0523430578521715,9.38850306471387e-06,1.4984438895852963,1.1479561460223435,0.2440944881889764,0.8778904214741812
6,LYZ,21,18.050594427089223,5.898029374498863e-70,2.744187337272321,0.8829233436326855,0.7664041994750657,10.317642216488595
6,FCER1A,2303,0.5719396172940502,0.9998759305571022,1.3339525946459017,1.3381876003391717,0.04199475065616798,0.16788725594280296
6,CLEC10A,2136,0.6738676251456809,0.9998759305571022,1.7700119488928374,1.8936285755216296,0.03412073490813648,0.11192854360451783
7,NKG7,1,35.6460657539643,6.35182706041775e-274,6.5461040762520595,4.6159383177173785,1.0,33.293719900568775
7,KLRF1,12,30.555187995043077,9.419441710467911e-202,7.168560060901919,6.346450194113655,0.8453159041394336,3.6771719520629347
7,TRDC,32,26.88041686867398,2.724293081794824e-156,6.44568998585716,5.614968147080554,0.7494553376906318,2.866482015476721
7,SH2D1B,99,18.07984335503309,1.0870722341167593e-70,6.940784886579072,6.328509733277226,0.4989106753812636,0.8681531626131258
7,GNLY,2,33.976565601285095,5.791281852568753e-249,7.378846667235556,5.503426220357448,0.9477124183006536,46.16301344505282
7,KLRD1,3,33.9478737350307,1.0238666359702986e-248,5.846823645734897,4.695128749209521,0.9607843137254902,6.143767917037138
7,PRF1,4,33.152133727937255,3.0901683310299263e-237,5.438266894950498,4.432607713742838,0.9498910675381264,7.500002435611915
7,FCGR3A,28,27.16179048901361,1.5373882119183389e-159,5.4084979032545,4.397963446563476,0.7734204793028322,3.0009547637324387
7,CD3D,23413,-8.657085326988806,2.111398327318363e-16,-1.7138903411323083,-1.3854126383641316,0.1328976034858388,0.6045157190066934
7,CD3E,20178,-0.42861781563145473,0.9999275663871249,-0.1584912230609122,-0.294348614681253,0.3747276688453159,0.8742428928853744
7,TRAC,23424,-10.620597756480418,1.481389411880148e-24,-2.7637214601746853,-3.0617701966942925,0.10893246187363835,0.16083214409536198
7,CD8A,14179,-0.027018254210061404,0.9999275663871249,-0.2655152551578287,-0.5823926956538261,0.12854030501089325,0.20399565871968506
7,CD8B,23189,-3.709676517799613,0.0027069432613974586,-2.6802042043982066,-2.9537635049024473,0.02832244008714597,0.0513713208587681
7,MS4A1,23281,-4.516256529341167,0.00010428230644826278,-4.472841800794157,-5.458536832805736,0.015250544662309368,0.01720631089547189
7,CD79A,23337,-5.433419975789476,1.1594809368042344e-06,-3.816340230378758,-4.688478835104519,0.02832244008714597,0.03662382134475364
7,CD14,23026,-2.8529795202981005,0.04182425661803999,-3.1570450404945616,-3.943263609559402,0.0196078431372549,0.027136720787438652
7,LYZ,23280,-4.514053901995455,0.00010529739665255789,-2.1240623105821794,-4.509819992657199,0.1830065359477124,0.25683463047386007
7,FCER1A,21203,-0.7234813261560693,0.9999275663871249,-2.4067064130948213,-3.180922665425957,0.006535947712418301,0.007758121644295165
7,CLEC10A,19959,-0.38611865001124956,0.9999275663871249,-2.2405338608219783,-2.892744692714389,0.004357298474945534,0.004404948376038287
8,NKG7,23233,-5.266884135790215,3.0754026068476654e-06,-3.5129954916751904,-4.941062008014781,0.04404145077720207,0.0738193221105402
8,KLRF1,21320,-1.1975792695344707,0.9999415475831468,-3.8479789803893,-4.587590466536752,0.0051813471502590676,0.006080214960039592
8,TRDC,21340,-1.2127020698882005,0.9999415475831468,-4.242154393538387,-4.7587984974504955,0.0025906735751295338,0.005064533718829916
8,SH2D1B,19948,-0.6483756749582195,0.9999415475831468,-24.12675739746806,-25.047636267256234,0.0,0.0
8,GNLY,22773,-2.8381310021638533,0.04610041727526627,-2.933442784266263,-5.050754785435671,0.046632124352331605,0.06890194491537302
8,KLRD1,22727,-2.7122768598428992,0.06488516874252608,-4.607015091783477,-5.477620570743201,0.007772020725388601,0.009094563060135098
8,PRF1,23014,-3.791453498372579,0.0020859806551442005,-4.36218451538434,-5.360775570478016,0.012953367875647668,0.013437453959878342
8,FCGR3A,21997,-1.6821682140180378,0.558435384857727,-3.3311001423388507,-4.132902424442119,0.010362694300518135,0.012775259685347089
8,CD3D,23412,-10.698810874748817,8.1045370238912735e-25,-3.319336381256387,-3.3554939415426084,0.06735751295336788,0.1548964376455539
8,CD3E,23408,-10.35458663500174,2.911267708506421e-23,-3.239358283285799,-3.34242461901169,0.06217616580310881,0.10736549393221474
8,TRAC,23372,-8.199331177253594,1.0953510608937916e-14,-2.024959911166179,-2.222039280741539,0.15544041450777202,0.28611103757818607
8,CD8A,23066,-4.075699351388014,0.0006898223086066683,-4.745988766218303,-5.098199923461908,0.007772020725388601,0.00903610601406793
8,CD8B,23005,-3.746121726931623,0.0024719404085726915,-3.6774116723662456,-4.159575552854,0.018134715025906734,0.02222354933394442
8,MS4A1,1054,4.566892093119472,8.758737152117487e-05,1.223346406316752,1.1666699370656988,0.266839378238342,1.6084650422070237
8,CD79A,31,24.081008304581733,2.987334432754065e-125,3.5738074061001703,2.5303675469985505,0.8652849740932642,4.795556064281664
8,CD14,22790,-2.9054510113509586,0.03804804704567185,-3.6799099420480985,-4.228180557734464,0.010362694300518135,0.022188357123967734
8,LYZ,22888,-3.2903236639519386,0.011721957387577761,-1.8040169877533796,-4.06923724033214,0.20725388601036268,0.34697856552194467
8,FCER1A,19460,-0.5289212505724251,0.9999415475831468,-1.4832439897877823,-2.155952229286909,0.010362694300518135,0.01568435437456862
8,CLEC10A,18905,-0.4136059732730669,0.9999415475831468,-2.543301254561089,-2.9893754950606657,0.0025906735751295338,0.004104822283139683
9,NKG7,22870,-7.772267557774019,4.587418928785569e-14,-3.8289768928010113,-5.146940155811388,0.07000946073793755,0.06661490902213496
9,KLRF1,21387,-1.5748441580107388,0.2930088461947992,-4.002728909095516,-5.049679895859728,0.013245033112582781,0.004594386064797803
9,TRDC,21489,-1.7734213591066172,0.19990754495530313,-5.468790739882094,-6.687834330194885,0.007568590350047304,0.0013860978721372747
9,SH2D1B,20794,-0.9329406682412777,0.7756324506919682,-4.354925567469866,-4.970406378759922,0.002838221381267739,0.0011502496294570716
9,GNLY,22159,-3.341751614228631,0.002773906177402165,-3.3550058479109435,-5.015311887688288,0.07663197729422895,0.07348124191404144
9,KLRD1,22238,-3.5763521831333165,0.0012017795178969417,-3.650686366110944,-4.210124103544363,0.026490066225165563,0.02274429156907616
9,PRF1,22569,-5.150376454457367,1.1095244457210605e-06,-4.102034885688262,-5.327434367474101,0.03784295175023652,0.014313408919576286
9,FCGR3A,21909,-2.6392798024551865,0.024880107995238383,-3.851514848085868,-4.76611351985528,0.014191106906338695,0.008572994418416061
9,CD3D,23285,-17.47636245600317,3.8612187906143224e-67,-4.10193818223287,-4.342286866611296,0.0946073793755913,0.0813607707640571
9,CD3E,23280,-17.369612563816336,2.4505544470148533e-66,-4.301308749982057,-4.400900046466301,0.07757805108798486,0.053669170669705814
9,TRAC,23297,-18.105383395510536,5.464261625826386e-72,-4.2046668321506315,-4.604101698129585,0.08325449385052035,0.057318432734283
9,CD8A,22659,-5.854736587930467,2.2371855083406593e-08,-4.256027009395603,-5.0020605549092965,0.02838221381267739,0.010050317747602108
9,CD8B,22707,-6.249215060739294,2.032412101245967e-09,-4.124613765844114,-4.203464248193114,0.019867549668874173,0.022411326219938944
9,MS4A1,22650,-5.750646485624858,4.108752691496963e-08,-3.437547598047484,-3.936841499955743,0.03878902554399243,0.05106428059892251
9,CD79A,22758,-6.684042287814258,1.2060607923975934e-10,-3.4082269070906652,-4.133740102890912,0.06338694418164617,0.05565973039297086
9,CD14,22330,-3.929587773281469,0.00030877342014435315,-4.334712316083765,-4.710113171024145,0.0293282876064333,0.0165328997812292
9,LYZ,21720,-2.218845783002039,0.07431253772230152,-2.601775449508076,-4.864592661004552,0.32450331125827814,0.2081375742507618
9,FCER1A,21004,-1.1214371365713045,0.6057872643509167,-4.256868473541249,-5.457017935422988,0.006622516556291391,0.0016641984842384115
9,CLEC10A,20354,-0.6323747279619703,0.9997917477371442,-4.074881595369544,-5.070969958545055,0.003784295175023652,0.0010114464368629029
10,NKG7,23002,-2.105339600743796,0.37583129589798697,-2.6825986758838094,-3.8155213937280137,0.08490566037735849,0.1584475333162592
10,KLRF1,20496,-0.2224251548541707,0.9994721036932938,-2.1359642147584283,-2.915003524164998,0.02830188679245283,0.01906493885682326
10,TRDC,21636,-0.5133375707818219,0.9994721036932938,-4.554350817150399,-5.748764163986935,0.009433962264150943,0.0025096347848755766
10,SH2D1B,21086,-0.33695019451796504,0.9994721036932938,-24.10248762168227,-25.023583635135783,0.0,0.0
10,GNLY,22735,-1.4744764639671697,0.9112414740015736,-2.8875589297026254,-3.8888787849321775,0.04716981132075472,0.15165982417188942
10,KLRD1,22574,-1.226868673932279,0.9994721036932938,-3.7711295574527037,-4.796592716843165,0.018867924528301886,0.014344292633209778
10,PRF1,22924,-1.8548402143767106,0.5581578782681762,-3.1280637070935193,-3.771171252185212,0.018867924528301886,0.03977780849361177
10,FCGR3A,22274,-0.8935230721023918,0.9994721036932938,-4.341410742940174,-5.458352141709595,0.009433962264150943,0.0050192695110785
10,CD3D,23375,-5.292522436087725,8.590421957692102e-06,-3.771697348585041,-4.299591590164052,0.10377358490566038,0.07933108739441158
10,CD3E,23374,-5.2865807997886956,8.847155647912643e-06,-4.013471458544975,-4.530507542318454,0.08490566037735849,0.0464353960744056
10,TRAC,23301,-4.162571752919782,0.0012245986005546584,-2.9398619036990716,-3.189647986029156,0.19811320754716982,0.14450038547353236
10,CD8A,22902,-1.8050195940093479,0.5993501608192493,-4.388358209527272,-5.23420423523261,0.02830188679245283,0.008091348397164288
10,CD8B,22998,-2.0987641899062033,0.3800677385880355,-7.341006990879686,-8.40674764856771,0.009433962264150943,0.0011523943957623198
10,MS4A1,8198,0.21002694044352907,0.9994721036932938,-0.8559621982968292,-1.6286381284231592,0.16037735849056603,0.23924836732096982
10,CD79A,46,9.134037871589447,3.289297089382169e-17,2.0450257524887285,1.3031801538836438,0.7264150943396226,2.2495392556322744
10,CD14,22576,-1.2279282657389392,0.9994721036932938,-4.44163956750629,-5.71861571541233,0.02830188679245283,0.007775063804044661
10,LYZ,22956,-1.971791422195942,0.46759156699106613,-2.7326267284775194,-4.615188281072783,0.22641509433962265,0.23399292790122247
10,FCER1A,20898,-0.29639852677708844,0.9994721036932938,-5.203368387690686,-6.533555086796106,0.009433962264150943,0.0007458630057619372
10,CLEC10A,20721,-0.2613725807943093,0.9994721036932938,-23.756814326123802,-24.938415834028962,0.0,0.0
11,NKG7,23304,-8.358759486740148,2.1121349020688747e-15,-3.829855641706597,-5.511733348074185,0.04171240395170143,0.05129574947076463
11,KLRF1,21702,-1.7358432285292056,0.44726593487551225,-3.0603509447819808,-3.5176329525682353,0.007683863885839737,0.013128059917865167
11,TRDC,21894,-1.9156099080967384,0.32692061375657555,-5.11192931740387,-5.922719996444301,0.0021953896816684962,0.0023336827526391443
11,SH2D1B,20470,-0.9529800714707355,0.9999211711127847,-4.2290522874618794,-4.440196475756247,0.0010976948408342481,0.001645277258266014
11,GNLY,23056,-4.805209240064669,2.424078986548366e-05,-3.4037647834199203,-5.541331374382264,0.03951701427003293,0.050610504070530096
11,KLRD1,22830,-3.624532091655474,0.0032809708985314864,-3.1872952814835256,-3.843629671030645,0.019758507135016465,0.02904645104411592
11,PRF1,23168,-5.850959274037784,9.811354049307637e-08,-4.191366878025841,-4.899514484838035,0.014270032930845226,0.019076756808839194
11,FCGR3A,22541,-2.881077910944879,0.034565296164701324,-4.415683727264566,-5.2204155446736955,0.005488474204171241,0.006206143722981018
11,CD3D,23415,-16.705349470508303,1.1183725062776314e-60,-3.4974234342378088,-3.6416704209945263,0.07135016465422613,0.13086558647791416
11,CD3E,23414,-16.308878416345614,7.516495301898606e-58,-3.4943836014387077,-3.64512547750972,0.06256860592755215,0.08967843623148959
11,TRAC,23401,-13.449924357220128,2.0055295148529602e-39,-2.3254277508635495,-2.6227193801811692,0.14928649835345773,0.2228516648201082
11,CD8A,23184,-6.031909676590647,3.401393453419779e-08,-3.844189496951147,-4.144817959888171,0.014270032930845226,0.01802177337435408
11,CD8B,23174,-5.920944299661711,6.53787461057376e-08,-3.7718117714553525,-4.077253404340694,0.01646542261251372,0.024244727553430986
11,MS4A1,7,45.219332539044544,0.0,4.936771512040005,3.6058329892699157,0.9637760702524698,5.614827577723521
11,CD79A,2,47.04989091229179,0.0,5.094500790629587,3.8082325758229394,0.986827661909989,7.6007689076920775
11,CD14,23044,-4.687529177195554,4.220267783392765e-05,-4.919330449810908,-5.825334558019106,0.007683863885839737,0.00757440413342382
11,LYZ,23161,-5.80083448961218,1.3056141419451095e-07,-2.1545598516838247,-4.566613299480101,0.20087815587266739,0.2535438783367529
11,FCER1A,20855,-1.1485816418508037,0.9999211711127847,-3.0544332816629716,-3.8590246406577156,0.0043907793633369925,0.004980426333693689
11,CLEC10A,19186,-0.5500123856020074,0.9999211711127847,-2.3755823595681536,-3.0678992781215775,0.0043907793633369925,0.003998682756000331
12,NKG7,4,47.58238088383364,0.0,4.9275207288276475,3.33547809328617,0.8776923076923077,13.21835657970694
12,KLRF1,2805,1.6526592158852655,0.4916234597160451,0.40688554285640904,-0.04329195911311815,0.06615384615384616,0.1391033738264649
12,TRDC,2051,2.7996393798054244,0.03988415556108921,1.6588260457195954,1.8817901498094016,0.08,0.41024442176576736
12,SH2D1B,19783,-0.7731425310425966,0.9999068431586343,-1.467811170336747,-1.526876794517179,0.006923076923076923,0.012379256942275547
12,GNLY,282,15.799166345999144,2.546741248560702e-54,2.602958952692703,1.8171267687986377,0.36153846153846153,6.600141300321297
12,KLRD1,154,19.905235666309792,5.576292519433793e-86,2.8990896359588647,2.25115148907612,0.39692307692307693,1.4659177860603005
12,PRF1,64,26.353736122492634,1.702308782543897e-150,2.7972455966965017,1.9050842049048806,0.5323076923076923,1.672139059680014
12,FCGR3A,957,6.930208074404482,8.774102108859824e-11,1.5917050608658945,1.0480191715907385,0.16692307692307692,0.419371473836736
12,CD3D,10,43.415686390945304,0.0,2.881419490175626,2.1238334903830487,0.9407692307692308,5.388318870892659
12,CD3E,19,36.45583738794527,6.855343984209268e-288,2.342076786219856,1.754974929557561,0.8669230769230769,3.0482710558764716
12,TRAC,15,37.17317953639036,2.8915636899317464e-299,2.439953542440364,1.825971711182537,0.8769230769230769,3.8925803969254718
12,CD8A,37,31.031034179429184,1.302219102591827e-208,3.587176406558823,3.247357240844596,0.5876923076923077,1.7441789801933492
12,CD8B,83,24.38400461432335,7.135246419127535e-129,2.896624038066337,2.5639344745097965,0.49846153846153846,1.6717117298717652
12,MS4A1,23069,-4.8889200913741515,1.4005179792552215e-05,-2.0840532279567503,-2.820067155679902,0.06384615384615384,0.1116284136259727
12,CD79A,23374,-9.826047020507705,2.8857542571904278e-21,-4.374819717093835,-5.165052736226277,0.02076923076923077,0.027693168216108694
12,CD14,23121,-5.2846261948244875,1.9001317479932064e-06,-3.794707662046983,-4.511552148606817,0.013846153846153847,0.01924425947275878
12,LYZ,23351,-8.715480089173514,8.074759469871402e-17,-2.241332574895134,-4.458629796590066,0.16692307692307692,0.2796193012831565
12,FCER1A,21392,-1.5243491324427882,0.6021997062075255,-4.081668906473454,-4.882954011070646,0.002307692307692308,0.002512512691345607
12,CLEC10A,19700,-0.749869152019668,0.9999068431586343,-2.713173294731,-3.231490742934382,0.003076923076923077,0.0036507852221915726
13,NKG7,21517,-4.921586926940721,8.272714244219996e-06,-2.1296975286448343,-2.9596300801098385,0.08814102564102565,0.29451137858096654
13,KLRF1,15528,-0.9982872132210784,0.8396152311330106,-2.2108740693558486,-2.7607276376350662,0.017628205128205128,0.021782108636023347
13,TRDC,15235,-0.9090585651190287,0.9257645416111366,-2.2382646651023252,-2.966154309630027,0.017628205128205128,0.017729414462516746
13,SH2D1B,11593,-0.20377294563309906,0.9995263619378608,-1.5513016485063564,-2.0423613364894218,0.014423076923076924,0.0084632968283229
13,GNLY,17556,-1.7677138256028508,0.2700456718638997,-1.5088547855771721,-2.183912597318201,0.09134615384615384,0.506026896761787
13,KLRD1,17944,-1.9442601156849968,0.19362869738304508,-2.3023346452854248,-3.06210595998244,0.04487179487179487,0.04902627751105107
13,PRF1,19217,-2.6483104210183406,0.03855812832240548,-2.0846221668474874,-2.773238232734695,0.0673076923076923,0.08153257589708816
13,FCGR3A,15841,-1.1087566321883966,0.734334709939947,-2.0738259235355967,-2.929820884905138,0.035256410256410256,0.029730121791506983
13,CD3D,22893,-10.54985231080116,1.4240090471655106e-24,-2.449601152532105,-2.7484192275075836,0.17307692307692307,0.238546281502031
13,CD3E,22939,-10.949066049561662,2.026805376251553e-26,-2.700732522469686,-2.9197275099610955,0.14262820512820512,0.1456046564750992
13,TRAC,22925,-10.83589800806638,6.856338615763628e-26,-2.593739070073795,-2.967133072096366,0.16826923076923078,0.17319528560954917
13,CD8A,19926,-3.1203455145388284,0.010153143835526535,-2.410570442059796,-2.9703540150261514,0.060897435897435896,0.039899754676139376
13,CD8B,20572,-3.6855556288904325,0.0015420076268639802,-2.71578631510235,-3.3030252785343905,0.046474358974358976,0.04071975479932999
13,MS4A1,20521,-3.649163605583213,0.0017510052831866884,-2.5051580732873213,-3.0502296886918283,0.05608974358974359,0.09189431462741514
13,CD79A,21161,-4.371478320837005,0.0001024116785658398,-2.2476637526742103,-2.8025984028701805,0.07852564102564102,0.13611932149911757
13,CD14,19903,-3.107635872955512,0.010536857381376847,-3.3228665460950926,-3.6255266183338994,0.02564102564102564,0.034118836814740976
13,LYZ,20643,-3.7525983664400004,0.0012080099074419912,-2.2222953378601416,-4.27692755543826,0.24519230769230768,0.3046358298581448
13,FCER1A,15519,-0.9969316839328382,0.8405709672420782,-4.772691867605041,-5.8992903832580685,0.003205128205128205,0.0011935379850585679
13,CLEC10A,14244,-0.6440878247388653,0.9995263619378608,-23.80195291333681,-24.983233302637757,0.0,0.0
14,NKG7,8406,0.9286409305145971,0.9557999500911223,-1.811476975881788,-3.6334280747954715,0.3114754098360656,0.1793146924104452
14,KLRF1,23072,-0.5399657279769783,0.9984800687136497,-25.732728235510468,-27.096790468544953,0.0,0.0
14,TRDC,22870,-0.2979660706111161,0.9984800687136497,-3.744484661072353,-4.939268342674318,0.01639344262295082,0.004386724294294666
14,SH2D1B,20685,-0.037258795493812114,0.9984800687136497,-2.506230848307396,-3.2889833400364745,0.01639344262295082,0.0034790000087865035
14,GNLY,23058,-0.5217535035875956,0.9984800687136497,-3.2724667190300574,-5.845724834944011,0.09836065573770492,0.03897669670982891
14,KLRD1,23215,-1.1666122576468736,0.7174227377531388,-27.08309227770303,-28.56706271889773,0.0,0.0
14,PRF1,23272,-1.6564780727187713,0.34340268147787795,-27.47074379883742,-29.013464516914638,0.0,0.0
14,FCGR3A,7835,1.1326517390109812,0.7485951307540081,0.3422907187115161,-0.02852644789819722,0.14754098360655737,0.21506185664288976
14,CD3D,23411,-3.8122735443908313,0.0014098627240977588,-3.1429037297243307,-3.3269297238061704,0.11475409836065574,0.1552651144211783
14,CD3E,23400,-3.304912521637794,0.007179699004458512,-3.432079730156878,-4.050155698052538,0.16393442622950818,0.06461307668355552
14,TRAC,23406,-3.6808117901012576,0.0021725582528803427,-2.987067801992541,-3.2498945735625666,0.13114754098360656,0.13826566621832834
14,CD8A,23257,-1.5099068208863957,0.4364001337203389,-6.362606851824267,-7.310370413014221,0.01639344262295082,0.0019140017540853016
14,CD8B,23256,-1.5072212673973386,0.43787768512663555,-5.8506553824770124,-6.866116302512609,0.01639344262295082,0.0033436420839630912
14,MS4A1,23100,-0.6093468720000952,0.9984800687136497,-1.7334018668248496,-2.5272375781721466,0.09836065573770492,0.12817365023811775
14,CD79A,23238,-1.343611091243615,0.5605519560689148,-3.020212697575136,-4.054277217012616,0.08196721311475409,0.05555826323539785
14,CD14,41,9.327748577543058,6.1792188765925484e-18,2.966048098129003,1.9296756699443849,0.819672131147541,1.5348457834686957
14,LYZ,3,11.157601290315087,5.133750641882448e-25,4.438484741427529,1.9331348788119134,1.0,21.55188392028247
14,FCER1A,5466,2.084145947517409,0.15613488052072252,2.644271374997058,2.1915255115408563,0.18032786885245902,0.30972664998014854
14,CLEC10A,8485,0.905031525812255,0.9800098859453614,1.6887435629986187,1.2716975983699585,0.08196721311475409,0.07675860724679077
15,NKG7,11168,1.0660826007253097,0.5740222405283331,-1.8519080758482849,-3.5482885730800002,0.2584493041749503,0.19484900691713591
15,KLRF1,22880,-0.9674777344630464,0.6538007604492663,-3.8269175801659006,-4.987216939403926,0.015904572564612324,0.004641765256883392
15,TRDC,22128,-0.12365284838486773,0.9985034976388865,-1.8464031882522145,-2.562425843043939,0.03578528827037773,0.023276433414691527
15,SH2D1B,22711,-0.5885424765443301,0.9865455213831419,-3.5054252639469254,-4.121083952021485,0.003976143141153081,0.002003655014216779
15,GNLY,23222,-2.774561989603642,0.014687004212410423,-3.282544191943603,-4.999824564215964,0.061630218687872766,0.07186469415237462
15,KLRD1,23231,-2.8838622752295517,0.010620704523948313,-4.3779870632119975,-5.018958127519843,0.013916500994035786,0.012581525029379046
15,PRF1,23290,-3.699883671142621,0.0006587360792294314,-4.192956893573746,-5.345635319416323,0.03180914512922465,0.013672768677658976
15,FCGR3A,23078,-1.7247364263110747,0.19104600650669426,-3.485220822427125,-4.426949344875452,0.015904572564612324,0.010492382884134644
15,CD3D,23416,-11.779359864573804,8.864286728860089e-31,-3.5340029279742056,-3.695693457963577,0.09145129224652088,0.12321309356143802
15,CD3E,23412,-10.654592762849768,2.144603725396949e-25,-3.2350700345428227,-3.505777078444789,0.11530815109343936,0.09651221543039398
15,TRAC,23410,-10.407737883756436,2.7646618946394743e-24,-3.0336824116416308,-3.2988173599791324,0.147117296222664,0.13685656642703822
15,CD8A,23298,-3.803507334190148,0.00044237422045612193,-3.0746976254337857,-3.4140664611753793,0.03180914512922465,0.029179243069442837
15,CD8B,23314,-4.248813994508302,7.155465633279435e-05,-4.1877313417452235,-4.804613192767237,0.019880715705765408,0.014314950056629564
15,MS4A1,22821,-0.8443539068208966,0.7566052715393794,-1.5117919061712428,-2.4058019617276813,0.12524850894632206,0.14242765134046692
15,CD79A,2892,8.782728767718261,1.2814224494604631e-17,1.05757314459526,0.33271505688983266,0.4194831013916501,1.1497120331589292
15,CD14,23213,-2.7111623037241683,0.0176665028566805,-3.662795745947077,-4.602313564217487,0.027833001988071572,0.01724069628768996
15,LYZ,22541,-0.3524934211435593,0.9985034976388865,-1.8445559175953996,-3.9520413887477166,0.341948310139165,0.3787828655781407
15,FCER1A,5179,5.922851832945506,1.4122810931687922e-08,2.6533132625403364,2.3646597790890524,0.17693836978131214,0.3150797068095773
15,CLEC10A,22704,-0.5761587909843575,0.9967384346697813,-23.791281842621085,-24.97263904506689,0.0,0.0
16,NKG7,21183,-2.1606256653475473,0.28596639168498295,-4.675002708397639,-6.769327277616081,0.046153846153846156,0.020409337681117138
16,KLRF1,14187,-0.3497176662388075,0.9982579645029056,-3.2154969228434447,-4.294563442053333,0.015384615384615385,0.007314284262979987
16,TRDC,15472,-0.5287193552714707,0.9982579645029056,-25.638334790333452,-27.004490091146863,0.0,0.0
16,SH2D1B,13409,-0.26353868484804677,0.9982579645029056,-24.098967853338866,-25.020095060704943,0.0,0.0
16,GNLY,18713,-1.183492680098825,0.9982579645029056,-3.982208523352089,-6.439068523865296,0.046153846153846156,0.025840508706596644
16,KLRD1,18043,-1.0073202585191194,0.9982579645029056,-5.548602713989028,-6.890259362934888,0.015384615384615385,0.003353174789260462
16,PRF1,19239,-1.3277979508579398,0.9524060968622773,-4.081748655609048,-5.368876220050779,0.03076923076923077,0.013115726732357285
16,FCGR3A,16063,-0.6210242059242158,0.9982579645029056,-4.23131205873474,-5.459272062383115,0.015384615384615385,0.005004232203872108
16,CD3D,22905,-4.848316069732916,4.360220038631223e-05,-6.541366786412323,-7.410091545205243,0.03076923076923077,0.0091657424782453
16,CD3E,22897,-4.8013173903023105,5.4384179011906847e-05,-7.08932286606541,-7.782723124465373,0.015384615384615385,0.004862890833254461
16,TRAC,22655,-4.026237045432894,0.0014095134214766542,-3.7526052360821733,-4.478425234713325,0.12307692307692308,0.05903118084554964
16,CD8A,19951,-1.5692582450462988,0.7199003324308973,-4.747190944396499,-5.5106843073523555,0.015384615384615385,0.00666465496211527
16,CD8B,20433,-1.7569245656536452,0.5610160056585972,-27.390348484978123,-28.53949005261646,0.0,0.0
16,MS4A1,20667,-1.8710425631423633,0.47052816295317573,-27.889553068265947,-29.462000738852918,0.0,0.0
16,CD79A,21234,-2.1920760044451577,0.26988150411312645,-5.859523169345413,-7.1338038880368995,0.015384615384615385,0.006575110901992782
16,CD14,17669,-0.9277597420629561,0.9982579645029056,-3.9979014475734953,-5.241715759783457,0.03076923076923077,0.010795000701592922
16,LYZ,19097,-1.2807234874777018,0.9982579645029056,-2.6171203775325806,-5.1847112436394385,0.24615384615384617,0.15731649232302555
16,FCER1A,14288,-0.36041583379530384,0.9982579645029056,-24.653920015762715,-26.038717065870973,0.0,0.0
16,CLEC10A,12815,-0.2044272041344662,0.9982579645029056,-23.7533011729005,-24.93492725960435,0.0,0.0
